10.00,141.00,7.00106800E-07
10.19,138.35,7.26740700E-07
10.38,135.80,7.53874700E-07
10.57,133.34,7.81509300E-07
10.76,130.97,8.09630500E-07
10.95,128.68,8.38268500E-07
11.14,126.47,8.67405100E-07
11.33,124.33,8.97000000E-07
11.52,122.26,9.27185800E-07
11.71,120.26,9.57810200E-07
11.90,118.33,9.89000000E-07
12.09,116.45,1.02059500E-06
12.28,114.64,1.05275100E-06
12.47,112.87,1.08539600E-06
12.66,111.16,1.11854700E-06
12.85,109.51,1.15219500E-06
13.04,107.90,1.18636700E-06
13.23,106.33,1.22105200E-06
13.42,104.81,1.25621900E-06
13.61,103.34,1.29190500E-06
13.80,101.90,1.32810200E-06
13.99,100.50,1.36481000E-06
14.18,99.14,1.40200000E-06
14.37,97.82,1.43975100E-06
14.56,96.53,1.47800000E-06
14.75,95.27,1.51671200E-06
14.94,94.05,1.55600000E-06
15.13,92.85,1.59574900E-06
15.32,91.69,1.63600000E-06
15.51,90.55,1.67684400E-06
15.70,89.45,1.71815000E-06
15.89,88.36,1.76000000E-06
16.08,87.31,1.80232900E-06
16.27,86.28,1.84517700E-06
16.46,85.27,1.88857000E-06
16.65,84.29,1.93246200E-06
16.84,83.32,1.97688100E-06
17.03,82.38,2.02181300E-06
17.22,81.46,2.06725700E-06
17.41,80.56,2.11324500E-06
17.60,79.68,2.15972300E-06
17.79,78.82,2.20674900E-06
17.98,77.98,2.25426000E-06
18.17,77.15,2.30233100E-06
18.36,76.34,2.35088600E-06
18.55,75.55,2.40000000E-06
18.74,74.77,2.44960900E-06
18.93,74.01,2.49977000E-06
19.12,73.27,2.55042600E-06
19.31,72.54,2.60162400E-06
19.50,71.82,2.65333500E-06
19.69,71.12,2.70560000E-06
19.88,70.43,2.75836200E-06
20.07,69.75,2.81167400E-06
20.26,69.09,2.86547700E-06
20.45,68.44,2.91984400E-06
20.64,67.80,2.97471200E-06
20.83,67.17,3.03012100E-06
21.02,66.55,3.08600000E-06
21.21,65.95,3.14245800E-06
21.40,65.36,3.19942200E-06
21.59,64.77,3.25692900E-06
21.78,64.20,3.31491500E-06
21.97,63.63,3.37346000E-06
22.16,63.08,3.43252700E-06
22.35,62.53,3.49211500E-06
22.54,62.00,3.55225200E-06
22.73,61.47,3.61290000E-06
22.92,60.95,3.67408800E-06
23.11,60.45,3.73578500E-06
23.30,59.94,3.79800000E-06
23.49,59.45,3.86080800E-06
23.68,58.97,3.92407900E-06
23.87,58.49,3.98793200E-06
24.06,58.02,4.05226700E-06
24.25,57.56,4.11712400E-06
24.44,57.10,4.18256800E-06
24.63,56.65,4.24845300E-06
24.82,56.21,4.31490400E-06
25.01,55.78,4.38190000E-06
25.20,55.35,4.44938300E-06
25.39,54.93,4.51744200E-06
25.58,54.51,4.58600000E-06
25.77,54.10,4.65507500E-06
25.96,53.70,4.72468000E-06
26.15,53.30,4.79481300E-06
26.34,52.91,4.86545600E-06
26.53,52.52,4.93666100E-06
26.72,52.14,5.00833900E-06
26.91,51.77,5.08058100E-06
27.10,51.40,5.15333300E-06
27.29,51.03,5.22661300E-06
27.48,50.67,5.30040000E-06
27.67,50.32,5.37472900E-06
27.86,49.97,5.44957900E-06
28.05,49.62,5.52493000E-06
28.24,49.28,5.60085000E-06
28.43,48.95,5.67725800E-06
28.62,48.62,5.75419400E-06
28.81,48.29,5.83163600E-06
29.00,47.97,5.90962900E-06
29.19,47.65,5.98812900E-06
29.38,47.33,6.06713300E-06
29.57,47.02,6.14666700E-06
29.76,46.72,6.22672900E-06
29.95,46.41,6.30731200E-06
30.14,46.11,6.38839000E-06
30.33,45.82,6.47000000E-06
30.52,45.53,6.55214200E-06
30.71,45.24,6.63479700E-06
30.90,44.95,6.71800000E-06
31.09,44.67,6.80166900E-06
31.28,44.40,6.88591000E-06
31.47,44.12,6.97061000E-06
31.66,43.85,7.05587300E-06
31.85,43.58,7.14162100E-06
32.04,43.32,7.22789600E-06
32.23,43.06,7.31471600E-06
32.42,42.80,7.40200000E-06
32.61,42.54,7.48984200E-06
32.80,42.29,7.57819000E-06
32.99,42.04,7.66707500E-06
33.18,41.80,7.75643300E-06
33.37,41.55,7.84634600E-06
33.56,41.31,7.93675400E-06
33.75,41.07,8.02769300E-06
33.94,40.84,8.11909900E-06
34.13,40.61,8.21100000E-06
34.32,40.38,8.30354600E-06
34.51,40.15,8.39654200E-06
34.70,39.92,8.49000000E-06
34.89,39.70,8.58400000E-06
35.08,39.48,8.67856200E-06
35.27,39.26,8.77360300E-06
35.46,39.05,8.86912000E-06
35.65,38.83,8.96523100E-06
35.84,38.62,9.06179900E-06
36.03,38.41,9.15889300E-06
36.22,38.20,9.25648000E-06
36.41,38.00,9.35462400E-06
36.60,37.80,9.45325900E-06
36.79,37.60,9.55238600E-06
36.98,37.40,9.65205900E-06
37.17,37.20,9.75224500E-06
37.36,37.01,9.85291000E-06
37.55,36.82,9.95409700E-06
37.74,36.63,1.00557700E-05
37.93,36.44,1.01580000E-05
38.12,36.25,1.02607700E-05
38.31,36.07,1.03639400E-05
38.50,35.88,1.04677100E-05
38.69,35.70,1.05720000E-05
38.88,35.52,1.06767400E-05
39.07,35.35,1.07820000E-05
39.26,35.17,1.08877900E-05
39.45,34.99,1.09940800E-05
39.64,34.82,1.11009100E-05
39.83,34.65,1.12082400E-05
40.02,34.48,1.13160500E-05
40.21,34.31,1.14243900E-05
40.40,34.15,1.15332200E-05
40.59,33.98,1.16425700E-05
40.78,33.82,1.17524600E-05
40.97,33.66,1.18628200E-05
41.16,33.50,1.19736800E-05
41.35,33.34,1.20851000E-05
41.54,33.18,1.21970000E-05
41.73,33.03,1.23094000E-05
41.92,32.87,1.24223200E-05
42.11,32.72,1.25357800E-05
42.30,32.57,1.26496700E-05
42.49,32.42,1.27641400E-05
42.68,32.27,1.28790800E-05
42.87,32.12,1.29945400E-05
43.06,31.98,1.31105200E-05
43.25,31.83,1.32270000E-05
43.44,31.69,1.33440000E-05
43.63,31.55,1.34614800E-05
43.82,31.41,1.35795000E-05
44.01,31.27,1.36980000E-05
44.20,31.13,1.38170000E-05
44.39,30.99,1.39365400E-05
44.58,30.85,1.40565700E-05
44.77,30.72,1.41771000E-05
44.96,30.58,1.42981000E-05
45.15,30.45,1.44197100E-05
45.34,30.32,1.45417700E-05
45.53,30.19,1.46643200E-05
45.72,30.06,1.47874000E-05
45.91,29.93,1.49110000E-05
46.10,29.80,1.50350800E-05
46.29,29.68,1.51596500E-05
46.48,29.55,1.52847300E-05
46.67,29.43,1.54103800E-05
46.86,29.30,1.55364500E-05
47.05,29.18,1.56630000E-05
47.24,29.06,1.57901600E-05
47.43,28.94,1.59177500E-05
47.62,28.82,1.60459400E-05
47.81,28.70,1.61745300E-05
48.00,28.58,1.63036200E-05
48.19,28.47,1.64332300E-05
48.38,28.35,1.65633900E-05
48.57,28.24,1.66940000E-05
48.76,28.12,1.68251000E-05
48.95,28.01,1.69567400E-05
49.14,27.90,1.70888400E-05
49.33,27.79,1.72214500E-05
49.52,27.68,1.73545500E-05
49.71,27.57,1.74881300E-05
49.90,27.46,1.76222400E-05
50.09,27.35,1.77568600E-05
50.28,27.24,1.78919200E-05
50.47,27.14,1.80274900E-05
50.66,27.03,1.81634600E-05
50.85,26.93,1.83000000E-05
51.04,26.82,1.84370600E-05
51.23,26.72,1.85745200E-05
51.42,26.62,1.87124500E-05
51.61,26.51,1.88509000E-05
51.80,26.41,1.89899100E-05
51.99,26.31,1.91291900E-05
52.18,26.21,1.92691300E-05
52.37,26.11,1.94094400E-05
52.56,26.02,1.95502100E-05
52.75,25.92,1.96914600E-05
52.94,25.82,1.98331200E-05
53.13,25.73,1.99752500E-05
53.32,25.63,2.01177800E-05
53.51,25.54,2.02608900E-05
53.70,25.44,2.04043700E-05
53.89,25.35,2.05482100E-05
54.08,25.26,2.06925400E-05
54.27,25.17,2.08373300E-05
54.46,25.07,2.09826100E-05
54.65,24.98,2.11280700E-05
54.84,24.89,2.12742200E-05
55.03,24.80,2.14205100E-05
55.22,24.72,2.15673900E-05
55.41,24.63,2.17145800E-05
55.60,24.54,2.18620000E-05
55.79,24.45,2.20101100E-05
55.98,24.37,2.21583100E-05
56.17,24.28,2.23070000E-05
56.36,24.20,2.24558900E-05
56.55,24.11,2.26051800E-05
56.74,24.03,2.27550000E-05
56.93,23.94,2.29050000E-05
57.12,23.86,2.30556000E-05
57.31,23.78,2.32061600E-05
57.50,23.70,2.33567400E-05
57.69,23.61,2.35083100E-05
57.88,23.53,2.36597400E-05
58.07,23.45,2.38113400E-05
58.26,23.37,2.39631300E-05
58.45,23.29,2.41156200E-05
58.64,23.22,2.42683000E-05
58.83,23.14,2.44207800E-05
59.02,23.06,2.45743000E-05
59.21,22.98,2.47266200E-05
59.40,22.91,2.48800800E-05
59.59,22.83,2.50340500E-05
59.78,22.75,2.51872400E-05
59.97,22.68,2.53414600E-05
60.16,22.60,2.54952200E-05
60.35,22.53,2.56492500E-05
60.54,22.46,2.58036300E-05
60.73,22.38,2.59570600E-05
60.92,22.31,2.61117500E-05
61.11,22.24,2.62660900E-05
61.30,22.16,2.64210000E-05
61.49,22.09,2.65751500E-05
61.68,22.02,2.67311500E-05
61.87,21.95,2.68848700E-05
62.06,21.88,2.70393000E-05
62.25,21.81,2.71944000E-05
62.44,21.74,2.73498500E-05
62.63,21.67,2.75043700E-05
62.82,21.60,2.76598000E-05
63.01,21.54,2.78143800E-05
63.20,21.47,2.79684300E-05
63.39,21.40,2.81231500E-05
63.58,21.33,2.82785300E-05
63.77,21.27,2.84323800E-05
63.96,21.20,2.85847300E-05
64.15,21.14,2.87394000E-05
64.34,21.07,2.88930700E-05
64.53,21.01,2.90480000E-05
64.72,20.94,2.92018700E-05
64.91,20.88,2.93563300E-05
65.10,20.81,2.95127000E-05
65.29,20.75,2.96677100E-05
65.48,20.69,2.98200900E-05
65.67,20.62,2.99744000E-05
65.86,20.56,3.01270700E-05
66.05,20.50,3.02821400E-05
66.24,20.44,3.04360000E-05
66.43,20.38,3.05775700E-05
66.62,20.31,3.07315800E-05
66.81,20.25,3.08850000E-05
67.00,20.19,3.10389300E-05
67.19,20.13,3.11930000E-05
67.38,20.07,3.13438000E-05
67.57,20.02,3.14989200E-05
67.76,19.96,3.16528000E-05
67.95,19.90,3.18078300E-05
68.14,19.84,3.19627400E-05
68.33,19.78,3.21150000E-05
68.52,19.72,3.22671600E-05
68.71,19.67,3.24227700E-05
68.90,19.61,3.25774600E-05
69.09,19.55,3.27298800E-05
69.28,19.50,3.28863200E-05
69.47,19.44,3.30428200E-05
69.66,19.38,3.31942700E-05
69.85,19.33,3.33526000E-05
70.04,19.27,3.35043400E-05
70.23,19.22,3.36624300E-05
70.42,19.16,3.38187400E-05
70.61,19.11,3.39728100E-05
70.80,19.06,3.41315900E-05
70.99,19.00,3.42860000E-05
71.18,18.95,3.44450900E-05
71.37,18.90,3.46010700E-05
71.56,18.84,3.47615200E-05
71.75,18.79,3.49195000E-05
71.94,18.74,3.50797000E-05
72.13,18.69,3.52355500E-05
72.32,18.63,3.53985500E-05
72.51,18.58,3.55564300E-05
72.70,18.53,3.57193000E-05
72.89,18.48,3.58793700E-05
73.08,18.43,3.60485900E-05
73.27,18.38,3.62090000E-05
73.46,18.33,3.63699500E-05
73.65,18.28,3.65376000E-05
73.84,18.23,3.67000000E-05
74.03,18.18,3.68636000E-05
74.22,18.13,3.70337800E-05
74.41,18.08,3.71988200E-05
74.60,18.03,3.73661100E-05
74.79,17.99,3.75353100E-05
74.98,17.94,3.77033100E-05
75.17,17.89,3.78721500E-05
75.36,17.84,3.80462100E-05
75.55,17.80,3.82160000E-05
75.74,17.75,3.83866300E-05
75.93,17.70,3.85606300E-05
76.12,17.65,3.87365600E-05
76.31,17.61,3.89111400E-05
76.50,17.56,3.90865400E-05
76.69,17.52,3.92622100E-05
76.88,17.47,3.94433400E-05
77.07,17.42,3.96190000E-05
77.26,17.38,3.98002900E-05
77.45,17.33,3.99805600E-05
77.64,17.29,4.01619400E-05
77.83,17.24,4.03460000E-05
78.02,17.20,4.05318600E-05
78.21,17.16,4.07154700E-05
78.40,17.11,4.09003200E-05
78.59,17.07,4.10870900E-05
78.78,17.02,4.12751800E-05
78.97,16.98,4.14649400E-05
79.16,16.94,4.16559200E-05
79.35,16.90,4.18453500E-05
79.54,16.85,4.20372000E-05
79.73,16.81,4.22296500E-05
79.92,16.77,4.24281000E-05
80.11,16.73,4.26240000E-05
80.30,16.68,4.28196200E-05
80.49,16.64,4.30187800E-05
80.68,16.60,4.32194700E-05
80.87,16.56,4.34165800E-05
81.06,16.52,4.36221800E-05
81.25,16.48,4.38250600E-05
81.44,16.44,4.40295000E-05
81.63,16.40,4.42344900E-05
81.82,16.36,4.44422300E-05
82.01,16.31,4.46498400E-05
82.20,16.27,4.48601200E-05
82.39,16.24,4.50696200E-05
82.58,16.20,4.52833000E-05
82.77,16.16,4.54968800E-05
82.96,16.12,4.57087800E-05
83.15,16.08,4.59275400E-05
83.34,16.04,4.61440000E-05
83.53,16.00,4.63627600E-05
83.72,15.96,4.65806800E-05
83.91,15.92,4.68030000E-05
84.10,15.88,4.70230000E-05
84.29,15.85,4.72479100E-05
84.48,15.81,4.74727200E-05
84.67,15.77,4.76988900E-05
84.86,15.73,4.79243300E-05
85.05,15.70,4.81550000E-05
85.24,15.66,4.83848900E-05
85.43,15.62,4.86153100E-05
85.62,15.58,4.88475800E-05
85.81,15.55,4.90831200E-05
86.00,15.51,4.93190000E-05
86.19,15.48,4.95530000E-05
86.38,15.44,4.97918800E-05
86.57,15.40,5.00270700E-05
86.76,15.37,5.02690800E-05
86.95,15.33,5.05110000E-05
87.14,15.30,5.07515400E-05
87.33,15.26,5.09961400E-05
87.52,15.22,5.12437400E-05
87.71,15.19,5.14924600E-05
87.90,15.15,5.17354700E-05
88.09,15.12,5.19855800E-05
88.28,15.09,5.22310000E-05
88.47,15.05,5.24834600E-05
88.66,15.02,5.27347100E-05
88.85,14.98,5.29868500E-05
89.04,14.95,5.32375000E-05
89.23,14.91,5.34964100E-05
89.42,14.88,5.37520000E-05
89.61,14.85,5.40137100E-05
89.80,14.81,5.42651700E-05
89.99,14.78,5.45260000E-05
90.18,14.75,5.47875700E-05
90.37,14.71,5.50507300E-05
90.56,14.68,5.53079200E-05
90.75,14.65,5.55734400E-05
90.94,14.61,5.58384200E-05
91.13,14.58,5.61088200E-05
91.32,14.55,5.63673100E-05
91.51,14.52,5.66422000E-05
91.70,14.49,5.69039100E-05
91.89,14.45,5.71731600E-05
92.08,14.42,5.74383900E-05
92.27,14.39,5.77006800E-05
92.46,14.36,5.79738800E-05
92.65,14.33,5.82410900E-05
92.84,14.30,5.85172200E-05
93.03,14.26,5.87925100E-05
93.22,14.23,5.90674100E-05
93.41,14.20,5.93431600E-05
93.60,14.17,5.96208900E-05
93.79,14.14,5.98953000E-05
93.98,14.11,6.01780000E-05
94.17,14.08,6.04577600E-05
94.36,14.05,6.07310500E-05
94.55,14.02,6.10112100E-05
94.74,13.99,6.12954400E-05
94.93,13.96,6.15752300E-05
95.12,13.93,6.18591000E-05
95.31,13.90,6.21405700E-05
95.50,13.87,6.24254200E-05
95.69,13.84,6.27086700E-05
95.88,13.81,6.29941200E-05
96.07,13.78,6.32794300E-05
96.26,13.75,6.35657500E-05
96.45,13.72,6.38528300E-05
96.64,13.69,6.41413600E-05
96.83,13.66,6.44279200E-05
97.02,13.64,6.47160800E-05
97.21,13.61,6.50037400E-05
97.40,13.58,6.52934400E-05
97.59,13.55,6.55834300E-05
97.78,13.52,6.58716800E-05
97.97,13.49,6.61622600E-05
98.16,13.47,6.64533500E-05
98.35,13.44,6.67437000E-05
98.54,13.41,6.70387000E-05
98.73,13.38,6.73277800E-05
98.92,13.36,6.76203000E-05
99.11,13.33,6.79134400E-05
99.30,13.30,6.82056500E-05
99.49,13.27,6.85027000E-05
99.68,13.25,6.88024900E-05
99.87,13.22,6.90966400E-05
100.06,13.19,6.93914400E-05
100.25,13.16,6.96861700E-05
100.44,13.14,6.99820700E-05
100.63,13.11,7.02779300E-05
100.82,13.08,7.05735900E-05
101.01,13.06,7.08684200E-05
101.20,13.03,7.11658600E-05
101.39,13.01,7.14623200E-05
101.58,12.98,7.17693100E-05
101.77,12.95,7.20658600E-05
101.96,12.93,7.23639000E-05
102.15,12.90,7.26620600E-05
102.34,12.88,7.29598400E-05
102.53,12.85,7.32608800E-05
102.72,12.82,7.35586900E-05
102.91,12.80,7.38575400E-05
103.10,12.77,7.41612700E-05
103.29,12.75,7.44663300E-05
103.48,12.72,7.47675100E-05
103.67,12.70,7.50667900E-05
103.86,12.67,7.53684100E-05
104.05,12.65,7.56763800E-05
104.24,12.62,7.59777900E-05
104.43,12.60,7.62791800E-05
104.62,12.57,7.65822100E-05
104.81,12.55,7.68840000E-05
105.00,12.52,7.71870000E-05
105.19,12.50,7.74942500E-05
105.38,12.48,7.78008500E-05
105.57,12.45,7.81046300E-05
105.76,12.43,7.84082900E-05
105.95,12.40,7.87169200E-05
106.14,12.38,7.90225300E-05
106.33,12.35,7.93270000E-05
106.52,12.33,7.96317800E-05
106.71,12.31,7.99398900E-05
106.90,12.28,8.02507700E-05
107.09,12.26,8.05568900E-05
107.28,12.24,8.08628600E-05
107.47,12.21,8.11740000E-05
107.66,12.19,8.14753500E-05
107.85,12.17,8.17896200E-05
108.04,12.14,8.20971300E-05
108.23,12.12,8.24102400E-05
108.42,12.10,8.27175600E-05
108.61,12.07,8.30262300E-05
108.80,12.05,8.33375400E-05
108.99,12.03,8.36463900E-05
109.18,12.01,8.39593500E-05
109.37,11.98,8.42686700E-05
109.56,11.96,8.45782300E-05
109.75,11.94,8.48910000E-05
109.94,11.92,8.52049400E-05
110.13,11.89,8.55155400E-05
110.32,11.87,8.58316800E-05
110.51,11.85,8.61430700E-05
110.70,11.83,8.64561700E-05
110.89,11.81,8.67676800E-05
111.08,11.78,8.70851400E-05
111.27,11.76,8.73971300E-05
111.46,11.74,8.77103700E-05
111.65,11.72,8.80291900E-05
111.84,11.70,8.83430000E-05
112.03,11.68,8.86582200E-05
112.22,11.65,8.89773300E-05
112.41,11.63,8.92917900E-05
112.60,11.61,8.96099200E-05
112.79,11.59,8.99255900E-05
112.98,11.57,9.02414900E-05
113.17,11.55,9.05583100E-05
113.36,11.53,9.08788500E-05
113.55,11.51,9.11955900E-05
113.74,11.48,9.15167100E-05
113.93,11.46,9.18353100E-05
114.12,11.44,9.21526600E-05
114.31,11.42,9.24730000E-05
114.50,11.40,9.27946200E-05
114.69,11.38,9.31166000E-05
114.88,11.36,9.34360000E-05
115.07,11.34,9.37557200E-05
115.26,11.32,9.40754500E-05
115.45,11.30,9.44005900E-05
115.64,11.28,9.47232200E-05
115.83,11.26,9.50469000E-05
116.02,11.24,9.53682500E-05
116.21,11.22,9.56906400E-05
116.40,11.20,9.60156100E-05
116.59,11.18,9.63407500E-05
116.78,11.16,9.66653900E-05
116.97,11.14,9.69895800E-05
117.16,11.12,9.73161800E-05
117.35,11.10,9.76400600E-05
117.54,11.08,9.79647800E-05
117.73,11.06,9.82936000E-05
117.92,11.04,9.86185900E-05
118.11,11.02,9.89466000E-05
118.30,11.00,9.92741400E-05
118.49,10.98,9.96005800E-05
118.68,10.96,9.99308200E-05
118.87,10.95,1.00259000E-04
119.06,10.93,1.00589300E-04
119.25,10.91,1.00917700E-04
119.44,10.89,1.01248600E-04
119.63,10.87,1.01578800E-04
119.82,10.85,1.01909500E-04
120.01,10.83,1.02239500E-04
120.20,10.81,1.02569800E-04
120.39,10.79,1.02903200E-04
120.58,10.78,1.03234700E-04
120.77,10.76,1.03566000E-04
120.96,10.74,1.03900300E-04
121.15,10.72,1.04233900E-04
121.34,10.70,1.04567600E-04
121.53,10.68,1.04902100E-04
121.72,10.67,1.05237300E-04
121.91,10.65,1.05573000E-04
122.10,10.63,1.05907400E-04
122.29,10.61,1.06242000E-04
122.48,10.59,1.06579600E-04
122.67,10.58,1.06916100E-04
122.86,10.56,1.07253700E-04
123.05,10.54,1.07589700E-04
123.24,10.52,1.07928900E-04
123.43,10.50,1.08267400E-04
123.62,10.49,1.08607100E-04
123.81,10.47,1.08947000E-04
124.00,10.45,1.09285300E-04
124.19,10.43,1.09625100E-04
124.38,10.42,1.09965400E-04
124.57,10.40,1.10305500E-04
124.76,10.38,1.10647700E-04
124.95,10.36,1.10989000E-04
125.14,10.35,1.11329700E-04
125.33,10.33,1.11673200E-04
125.52,10.31,1.12016900E-04
125.71,10.30,1.12359700E-04
125.90,10.28,1.12704800E-04
126.09,10.26,1.13047800E-04
126.28,10.24,1.13392900E-04
126.47,10.23,1.13737900E-04
126.66,10.21,1.14083800E-04
126.85,10.19,1.14428800E-04
127.04,10.18,1.14776300E-04
127.23,10.16,1.15122000E-04
127.42,10.14,1.15470400E-04
127.61,10.13,1.15817700E-04
127.80,10.11,1.16167000E-04
127.99,10.09,1.16515700E-04
128.18,10.08,1.16864400E-04
128.37,10.06,1.17214500E-04
128.56,10.05,1.17563800E-04
128.75,10.03,1.17914400E-04
128.94,10.01,1.18265400E-04
129.13,10.00,1.18615700E-04
129.32,9.98,1.18968200E-04
129.51,9.96,1.19319800E-04
129.70,9.95,1.19672900E-04
129.89,9.93,1.20025600E-04
130.08,9.92,1.20379100E-04
130.27,9.90,1.20732500E-04
130.46,9.88,1.21086800E-04
130.65,9.87,1.21442200E-04
130.84,9.85,1.21796700E-04
131.03,9.84,1.22153200E-04
131.22,9.82,1.22508600E-04
131.41,9.81,1.22865900E-04
131.60,9.79,1.23223500E-04
131.79,9.77,1.23580300E-04
131.98,9.76,1.23938600E-04
132.17,9.74,1.24296300E-04
132.36,9.73,1.24655800E-04
132.55,9.71,1.25014200E-04
132.74,9.70,1.25374900E-04
132.93,9.68,1.25734200E-04
133.12,9.67,1.26095800E-04
133.31,9.65,1.26456800E-04
133.50,9.64,1.26818400E-04
133.69,9.62,1.27180300E-04
133.88,9.61,1.27542800E-04
134.07,9.59,1.27905800E-04
134.26,9.58,1.28269200E-04
134.45,9.56,1.28632800E-04
134.64,9.55,1.28997600E-04
134.83,9.53,1.29361600E-04
135.02,9.52,1.29727600E-04
135.21,9.50,1.30092300E-04
135.40,9.49,1.30459100E-04
135.59,9.47,1.30826000E-04
135.78,9.46,1.31192700E-04
135.97,9.44,1.31560400E-04
136.16,9.43,1.31928000E-04
136.35,9.41,1.32296400E-04
136.54,9.40,1.32665000E-04
136.73,9.39,1.33034700E-04
136.92,9.37,1.33404900E-04
137.11,9.36,1.33775600E-04
137.30,9.34,1.34145600E-04
137.49,9.33,1.34517300E-04
137.68,9.31,1.34888500E-04
137.87,9.30,1.35261000E-04
138.06,9.29,1.35633100E-04
138.25,9.27,1.36006100E-04
138.44,9.26,1.36380300E-04
138.63,9.24,1.36753600E-04
138.82,9.23,1.37128700E-04
139.01,9.22,1.37503000E-04
139.20,9.20,1.37878700E-04
139.39,9.19,1.38254400E-04
139.58,9.17,1.38631000E-04
139.77,9.16,1.39007800E-04
139.96,9.15,1.39384400E-04
140.15,9.13,1.39762400E-04
140.34,9.12,1.40139700E-04
140.53,9.10,1.40519200E-04
140.72,9.09,1.40897800E-04
140.91,9.08,1.41277200E-04
141.10,9.06,1.41657800E-04
141.29,9.05,1.42037600E-04
141.48,9.04,1.42419000E-04
141.67,9.02,1.42800500E-04
141.86,9.01,1.43182600E-04
142.05,9.00,1.43564800E-04
142.24,8.98,1.43947400E-04
142.43,8.97,1.44331200E-04
142.62,8.96,1.44714600E-04
142.81,8.94,1.45098900E-04
143.00,8.93,1.45483700E-04
143.19,8.92,1.45868600E-04
143.38,8.90,1.46254100E-04
143.57,8.89,1.46640400E-04
143.76,8.88,1.47026600E-04
143.95,8.86,1.47414100E-04
144.14,8.85,1.47801200E-04
144.33,8.84,1.48189300E-04
144.52,8.83,1.48578100E-04
144.71,8.81,1.48967000E-04
144.90,8.80,1.49356100E-04
145.09,8.79,1.49746700E-04
145.28,8.77,1.50136500E-04
145.47,8.76,1.50527300E-04
145.66,8.75,1.50919000E-04
145.85,8.74,1.51309800E-04
146.04,8.72,1.51702700E-04
146.23,8.71,1.52095500E-04
146.42,8.70,1.52488100E-04
146.61,8.69,1.52881900E-04
146.80,8.67,1.53276500E-04
146.99,8.66,1.53670600E-04
147.18,8.65,1.54065800E-04
147.37,8.64,1.54461700E-04
147.56,8.62,1.54857600E-04
147.75,8.61,1.55254200E-04
147.94,8.60,1.55651300E-04
148.13,8.59,1.56048200E-04
148.32,8.57,1.56446800E-04
148.51,8.56,1.56845100E-04
148.70,8.55,1.57243600E-04
148.89,8.54,1.57643200E-04
149.08,8.53,1.58042900E-04
149.27,8.51,1.58442900E-04
149.46,8.50,1.58843700E-04
149.65,8.49,1.59245400E-04
149.84,8.48,1.59646800E-04
150.03,8.46,1.60048800E-04
150.22,8.45,1.60451600E-04
150.41,8.44,1.60855200E-04
150.60,8.43,1.61258200E-04
150.79,8.42,1.61662500E-04
150.98,8.41,1.62067400E-04
151.17,8.39,1.62472100E-04
151.36,8.38,1.62877600E-04
151.55,8.37,1.63283700E-04
151.74,8.36,1.63690200E-04
151.93,8.35,1.64096700E-04
152.12,8.33,1.64504400E-04
152.31,8.32,1.64912500E-04
152.50,8.31,1.65320500E-04
152.69,8.30,1.65729700E-04
152.88,8.29,1.66139300E-04
153.07,8.28,1.66549200E-04
153.26,8.27,1.66959100E-04
153.45,8.25,1.67370300E-04
153.64,8.24,1.67781700E-04
153.83,8.23,1.68193200E-04
154.02,8.22,1.68605100E-04
154.21,8.21,1.69018300E-04
154.40,8.20,1.69431800E-04
154.59,8.19,1.69845000E-04
154.78,8.17,1.70258900E-04
154.97,8.16,1.70673700E-04
155.16,8.15,1.71088600E-04
155.35,8.14,1.71504100E-04
155.54,8.13,1.71920100E-04
155.73,8.12,1.72337200E-04
155.92,8.11,1.72754000E-04
156.11,8.10,1.73171100E-04
156.30,8.09,1.73589100E-04
156.49,8.07,1.74008000E-04
156.68,8.06,1.74426700E-04
156.87,8.05,1.74846000E-04
157.06,8.04,1.75266000E-04
157.25,8.03,1.75686500E-04
157.44,8.02,1.76107600E-04
157.63,8.01,1.76528900E-04
157.82,8.00,1.76950500E-04
158.01,7.99,1.77372900E-04
158.20,7.98,1.77796000E-04
158.39,7.97,1.78219200E-04
158.58,7.95,1.78642500E-04
158.77,7.94,1.79066800E-04
158.96,7.93,1.79491700E-04
159.15,7.92,1.79916700E-04
159.34,7.91,1.80342100E-04
159.53,7.90,1.80768500E-04
159.72,7.89,1.81195600E-04
159.91,7.88,1.81622500E-04
160.10,7.87,1.82049800E-04
160.29,7.86,1.82477700E-04
160.48,7.85,1.82906600E-04
160.67,7.84,1.83335600E-04
160.86,7.83,1.83765600E-04
161.05,7.82,1.84195400E-04
161.24,7.81,1.84625700E-04
161.43,7.80,1.85056500E-04
161.62,7.79,1.85488200E-04
161.81,7.78,1.85920500E-04
162.00,7.77,1.86352900E-04
162.19,7.76,1.86785700E-04
162.38,7.74,1.87219100E-04
162.57,7.73,1.87652900E-04
162.76,7.72,1.88087200E-04
162.95,7.71,1.88522100E-04
163.14,7.70,1.88957500E-04
163.33,7.69,1.89393400E-04
163.52,7.68,1.89830200E-04
163.71,7.67,1.90267200E-04
163.90,7.66,1.90704600E-04
164.09,7.65,1.91142300E-04
164.28,7.64,1.91580300E-04
164.47,7.63,1.92019100E-04
164.66,7.62,1.92458400E-04
164.85,7.61,1.92898300E-04
165.04,7.60,1.93338700E-04
165.23,7.59,1.93779700E-04
165.42,7.58,1.94220600E-04
165.61,7.57,1.94662100E-04
165.80,7.56,1.95104500E-04
165.99,7.55,1.95547400E-04
166.18,7.54,1.95990800E-04
166.37,7.54,1.96434400E-04
166.56,7.53,1.96878400E-04
166.75,7.52,1.97323300E-04
166.94,7.51,1.97768700E-04
167.13,7.50,1.98214600E-04
167.32,7.49,1.98660800E-04
167.51,7.48,1.99107100E-04
167.70,7.47,1.99554500E-04
167.89,7.46,2.00002300E-04
168.08,7.45,2.00450100E-04
168.27,7.44,2.00899100E-04
168.46,7.43,2.01348400E-04
168.65,7.42,2.01797600E-04
168.84,7.41,2.02248000E-04
169.03,7.40,2.02698900E-04
169.22,7.39,2.03149600E-04
169.41,7.38,2.03601400E-04
169.60,7.37,2.04053700E-04
169.79,7.36,2.04506400E-04
169.98,7.35,2.04959500E-04
170.17,7.34,2.05413200E-04
170.36,7.34,2.05867300E-04
170.55,7.33,2.06321800E-04
170.74,7.32,2.06777200E-04
170.93,7.31,2.07232900E-04
171.12,7.30,2.07688600E-04
171.31,7.29,2.08145600E-04
171.50,7.28,2.08603100E-04
171.69,7.27,2.09060100E-04
171.88,7.26,2.09518500E-04
172.07,7.25,2.09977500E-04
172.26,7.24,2.10436400E-04
172.45,7.23,2.10896100E-04
172.64,7.23,2.11356500E-04
172.83,7.22,2.11817400E-04
173.02,7.21,2.12278600E-04
173.21,7.20,2.12739900E-04
173.40,7.19,2.13202300E-04
173.59,7.18,2.13665200E-04
173.78,7.17,2.14128700E-04
173.97,7.16,2.14592000E-04
174.16,7.15,2.15056200E-04
174.35,7.14,2.15521200E-04
174.54,7.14,2.15986200E-04
174.73,7.13,2.16451700E-04
174.92,7.12,2.16918200E-04
175.11,7.11,2.17385000E-04
175.30,7.10,2.17852500E-04
175.49,7.09,2.18320500E-04
175.68,7.08,2.18788200E-04
175.87,7.07,2.19256900E-04
176.06,7.07,2.19726400E-04
176.25,7.06,2.20196300E-04
176.44,7.05,2.20666800E-04
176.63,7.04,2.21137700E-04
176.82,7.03,2.21609200E-04
177.01,7.02,2.22081100E-04
177.20,7.01,2.22553500E-04
177.39,7.00,2.23026400E-04
177.58,7.00,2.23499800E-04
177.77,6.99,2.23973700E-04
177.96,6.98,2.24448100E-04
178.15,6.97,2.24923100E-04
178.34,6.96,2.25398500E-04
178.53,6.95,2.25874500E-04
178.72,6.95,2.26351000E-04
178.91,6.94,2.26827900E-04
179.10,6.93,2.27305400E-04
179.29,6.92,2.27783200E-04
179.48,6.91,2.28262400E-04
179.67,6.90,2.28741500E-04
179.86,6.90,2.29220900E-04
180.05,6.89,2.29700800E-04
180.24,6.88,2.30181400E-04
180.43,6.87,2.30663100E-04
180.62,6.86,2.31144500E-04
180.81,6.85,2.31627100E-04
181.00,6.85,2.32109800E-04
181.19,6.84,2.32593000E-04
181.38,6.83,2.33077100E-04
181.57,6.82,2.33561200E-04
181.76,6.81,2.34046200E-04
181.95,6.80,2.34531400E-04
182.14,6.80,2.35017100E-04
182.33,6.79,2.35503800E-04
182.52,6.78,2.35991100E-04
182.71,6.77,2.36478000E-04
182.90,6.76,2.36966000E-04
183.09,6.76,2.37454700E-04
183.28,6.75,2.37943700E-04
183.47,6.74,2.38432700E-04
183.66,6.73,2.38922900E-04
183.85,6.72,2.39413600E-04
184.04,6.72,2.39904800E-04
184.23,6.71,2.40396500E-04
184.42,6.70,2.40888700E-04
184.61,6.69,2.41381400E-04
184.80,6.68,2.41874600E-04
184.99,6.68,2.42368300E-04
185.18,6.67,2.42862500E-04
185.37,6.66,2.43357200E-04
185.56,6.65,2.43852400E-04
185.75,6.64,2.44348500E-04
185.94,6.64,2.44845200E-04
186.13,6.63,2.45342000E-04
186.32,6.62,2.45839200E-04
186.51,6.61,2.46337500E-04
186.70,6.61,2.46836000E-04
186.89,6.60,2.47334700E-04
187.08,6.59,2.47834000E-04
187.27,6.58,2.48334500E-04
187.46,6.57,2.48835400E-04
187.65,6.57,2.49336500E-04
187.84,6.56,2.49837800E-04
188.03,6.55,2.50340300E-04
188.22,6.54,2.50843200E-04
188.41,6.54,2.51346400E-04
188.60,6.53,2.51849700E-04
188.79,6.52,2.52354200E-04
188.98,6.51,2.52859100E-04
189.17,6.51,2.53364600E-04
189.36,6.50,2.53870600E-04
189.55,6.49,2.54377100E-04
189.74,6.48,2.54884100E-04
189.93,6.48,2.55391500E-04
190.12,6.47,2.55899600E-04
190.31,6.46,2.56408800E-04
190.50,6.45,2.56918000E-04
190.69,6.45,2.57427500E-04
190.88,6.44,2.57937500E-04
191.07,6.43,2.58448100E-04
191.26,6.42,2.58959500E-04
191.45,6.42,2.59471400E-04
191.64,6.41,2.59983500E-04
191.83,6.40,2.60496000E-04
192.02,6.40,2.61009600E-04
192.21,6.39,2.61523600E-04
192.40,6.38,2.62037600E-04
192.59,6.37,2.62552800E-04
192.78,6.37,2.63068600E-04
192.97,6.36,2.63584700E-04
193.16,6.35,2.64100800E-04
193.35,6.34,2.64617900E-04
193.54,6.34,2.65135700E-04
193.73,6.33,2.65653900E-04
193.92,6.32,2.66172700E-04
194.11,6.32,2.66691600E-04
194.30,6.31,2.67210800E-04
194.49,6.30,2.67731200E-04
194.68,6.29,2.68252000E-04
194.87,6.29,2.68773300E-04
195.06,6.28,2.69295000E-04
195.25,6.27,2.69817400E-04
195.44,6.27,2.70340600E-04
195.63,6.26,2.70864500E-04
195.82,6.25,2.71388400E-04
196.01,6.24,2.71912700E-04
196.20,6.24,2.72437500E-04
196.39,6.23,2.72962900E-04
196.58,6.22,2.73489400E-04
196.77,6.22,2.74016200E-04
196.96,6.21,2.74543000E-04
197.15,6.20,2.75070300E-04
197.34,6.20,2.75598700E-04
197.53,6.19,2.76127700E-04
197.72,6.18,2.76656500E-04
197.91,6.17,2.77186500E-04
198.10,6.17,2.77717100E-04
198.29,6.16,2.78248100E-04
198.48,6.15,2.78779200E-04
198.67,6.15,2.79310900E-04
198.86,6.14,2.79843500E-04
199.05,6.13,2.80376600E-04
199.24,6.13,2.80910300E-04
199.43,6.12,2.81444400E-04
199.62,6.11,2.81978400E-04
199.81,6.11,2.82513200E-04
200.00,6.10,2.82975100E-04
