10.00,141.00,0.0007001068
10.19,138.35,0.0007267407
10.38,135.80,0.0007538747
10.57,133.34,0.0007815093
10.76,130.97,0.0008096305
10.95,128.68,0.0008382685
11.14,126.47,0.0008674051
11.33,124.33,0.0008970488
11.52,122.26,0.0009271858
11.71,120.26,0.0009578102
11.90,118.33,0.0009889509
12.09,116.45,0.001020595
12.28,114.64,0.001052751
12.47,112.87,0.0010853963
12.66,111.16,0.0011185467
12.85,109.51,0.0011521949
13.04,107.90,0.001186367
13.23,106.33,0.0012210523
13.42,104.81,0.0012562194
13.61,103.34,0.0012919052
13.80,101.90,0.0013281018
13.99,100.50,0.0013648102
14.18,99.14,0.0014020056
14.37,97.82,0.0014397509
14.56,96.53,0.0014779791
14.75,95.27,0.0015167115
14.94,94.05,0.0015559888
15.13,92.85,0.0015957489
15.32,91.69,0.0016360394
15.51,90.55,0.0016768439
15.70,89.45,0.0017181501
15.89,88.36,0.0017599812
16.08,87.31,0.0018023289
16.27,86.28,0.0018451767
16.46,85.27,0.0018885698
16.65,84.29,0.0019324616
16.84,83.32,0.0019768806
17.03,82.38,0.0020218132
17.22,81.46,0.0020672571
17.41,80.56,0.002113245
17.60,79.68,0.0021597226
17.79,78.82,0.0022067491
17.98,77.98,0.0022542595
18.17,77.15,0.0023023305
18.36,76.34,0.0023508861
18.55,75.55,0.0023999958
18.74,74.77,0.0024496087
18.93,74.01,0.0024997704
19.12,73.27,0.0025504258
19.31,72.54,0.0026016239
19.50,71.82,0.0026533348
19.69,71.12,0.0027056001
19.88,70.43,0.0027583616
20.07,69.75,0.0028116738
20.26,69.09,0.0028654765
20.45,68.44,0.002919844
20.64,67.80,0.0029747122
20.83,67.17,0.0030301209
21.02,66.55,0.003086025
21.21,65.95,0.0031424581
21.40,65.36,0.0031994221
21.59,64.77,0.0032569292
21.78,64.20,0.0033149148
21.97,63.63,0.0033734601
22.16,63.08,0.0034325267
22.35,62.53,0.0034921146
22.54,62.00,0.0035522519
22.73,61.47,0.0036128995
22.92,60.95,0.0036740878
23.11,60.45,0.003735785
23.30,59.94,0.003798018
23.49,59.45,0.0038608083
23.68,58.97,0.0039240794
23.87,58.49,0.0039879323
24.06,58.02,0.0040522668
24.25,57.56,0.0041171241
24.44,57.10,0.004182568
24.63,56.65,0.0042484531
24.82,56.21,0.0043149036
25.01,55.78,0.0043818995
25.20,55.35,0.0044493834
25.39,54.93,0.0045174423
25.58,54.51,0.0045859952
25.77,54.10,0.0046550746
25.96,53.70,0.0047246801
26.15,53.30,0.0047948132
26.34,52.91,0.0048654555
26.53,52.52,0.0049366612
26.72,52.14,0.0050083387
26.91,51.77,0.0050805814
27.10,51.40,0.0051533331
27.29,51.03,0.0052266126
27.48,50.67,0.0053003998
27.67,50.32,0.0053747287
27.86,49.97,0.0054495791
28.05,49.62,0.0055249298
28.24,49.28,0.0056008504
28.43,48.95,0.0056772582
28.62,48.62,0.0057541942
28.81,48.29,0.0058316363
29.00,47.97,0.005909629
29.19,47.65,0.0059881285
29.38,47.33,0.0060671333
29.57,47.02,0.0061466669
29.76,46.72,0.0062267288
29.95,46.41,0.0063073115
30.14,46.11,0.0063883904
30.33,45.82,0.0064700258
30.52,45.53,0.0065521417
30.71,45.24,0.0066347968
30.90,44.95,0.0067179892
31.09,44.67,0.0068016685
31.28,44.40,0.0068859095
31.47,44.12,0.0069706098
31.66,43.85,0.0070558731
31.85,43.58,0.0071416209
32.04,43.32,0.0072278961
32.23,43.06,0.0073147161
32.42,42.80,0.007402028
32.61,42.54,0.0074898417
32.80,42.29,0.0075781899
32.99,42.04,0.0076670751
33.18,41.80,0.0077564328
33.37,41.55,0.0078463461
33.56,41.31,0.007936754
33.75,41.07,0.0080276927
33.94,40.84,0.0081190987
34.13,40.61,0.008211027
34.32,40.38,0.0083035463
34.51,40.15,0.0083965417
34.70,39.92,0.0084900307
34.89,39.70,0.0085840299
35.08,39.48,0.0086785623
35.27,39.26,0.0087736028
35.46,39.05,0.0088691203
35.65,38.83,0.0089652307
35.84,38.62,0.009061799
36.03,38.41,0.0091588926
36.22,38.20,0.0092564796
36.41,38.00,0.0093546238
36.60,37.80,0.0094532589
36.79,37.60,0.0095523859
36.98,37.40,0.0096520591
37.17,37.20,0.0097522453
37.36,37.01,0.0098529102
37.55,36.82,0.0099540971
37.74,36.63,0.010055771
37.93,36.44,0.010158008
38.12,36.25,0.01026077
38.31,36.07,0.010363937
38.50,35.88,0.010467708
38.69,35.70,0.010571964
38.88,35.52,0.010676739
39.07,35.35,0.010782002
39.26,35.17,0.010887788
39.45,34.99,0.010994079
39.64,34.82,0.011100911
39.83,34.65,0.011208238
40.02,34.48,0.01131605
40.21,34.31,0.011424393
40.40,34.15,0.011533223
40.59,33.98,0.011642569
40.78,33.82,0.011752459
40.97,33.66,0.011862819
41.16,33.50,0.01197368
41.35,33.34,0.012085098
41.54,33.18,0.012197021
41.73,33.03,0.012309396
41.92,32.87,0.012422318
42.11,32.72,0.012535778
42.30,32.57,0.012649668
42.49,32.42,0.012764142
42.68,32.27,0.01287908
42.87,32.12,0.012994538
43.06,31.98,0.013110517
43.25,31.83,0.013226991
43.44,31.69,0.013343983
43.63,31.55,0.013461477
43.82,31.41,0.013579498
44.01,31.27,0.013697999
44.20,31.13,0.013817014
44.39,30.99,0.01393654
44.58,30.85,0.014056571
44.77,30.72,0.014177101
44.96,30.58,0.014298102
45.15,30.45,0.014419714
45.34,30.32,0.014541771
45.53,30.19,0.014664322
45.72,30.06,0.014787396
45.91,29.93,0.014910995
46.10,29.80,0.015035084
46.29,29.68,0.015159647
46.48,29.55,0.015284734
46.67,29.43,0.015410375
46.86,29.30,0.015536451
47.05,29.18,0.015663041
47.24,29.06,0.01579016
47.43,28.94,0.015917753
47.62,28.82,0.016045941
47.81,28.70,0.016174531
48.00,28.58,0.016303623
48.19,28.47,0.016433231
48.38,28.35,0.016563386
48.57,28.24,0.016694019
48.76,28.12,0.016825096
48.95,28.01,0.016956736
49.14,27.90,0.017088835
49.33,27.79,0.017221454
49.52,27.68,0.01735455
49.71,27.57,0.017488126
49.90,27.46,0.017622244
50.09,27.35,0.01775686
50.28,27.24,0.017891923
50.47,27.14,0.018027486
50.66,27.03,0.018163457
50.85,26.93,0.018300044
51.04,26.82,0.018437059
51.23,26.72,0.018574524
51.42,26.62,0.018712453
51.61,26.51,0.018850895
51.80,26.41,0.018989912
51.99,26.31,0.019129191
52.18,26.21,0.019269128
52.37,26.11,0.019409443
52.56,26.02,0.019550214
52.75,25.92,0.019691459
52.94,25.82,0.019833118
53.13,25.73,0.019975247
53.32,25.63,0.02011778
53.51,25.54,0.020260889
53.70,25.44,0.020404373
53.89,25.35,0.020548205
54.08,25.26,0.020692537
54.27,25.17,0.020837333
54.46,25.07,0.020982605
54.65,24.98,0.021128068
54.84,24.89,0.021274217
55.03,24.80,0.02142051
55.22,24.72,0.021567389
55.41,24.63,0.021714578
55.60,24.54,0.021861978
55.79,24.45,0.022010107
55.98,24.37,0.022158312
56.17,24.28,0.022306992
56.36,24.20,0.022455891
56.55,24.11,0.022605184
56.74,24.03,0.022754986
56.93,23.94,0.02290504
57.12,23.86,0.023055597
57.31,23.78,0.023206155
57.50,23.70,0.023356743
57.69,23.61,0.023508311
57.88,23.53,0.023659735
58.07,23.45,0.023811344
58.26,23.37,0.023963132
58.45,23.29,0.02411562
58.64,23.22,0.024268299
58.83,23.14,0.024420779
59.02,23.06,0.024574295
59.21,22.98,0.024726624
59.40,22.91,0.024880083
59.59,22.83,0.025034051
59.78,22.75,0.025187238
59.97,22.68,0.025341459
60.16,22.60,0.025495223
60.35,22.53,0.025649249
60.54,22.46,0.025803631
60.73,22.38,0.025957061
60.92,22.31,0.026111747
61.11,22.24,0.026266088
61.30,22.16,0.02642101
61.49,22.09,0.026575149
61.68,22.02,0.026731151
61.87,21.95,0.026884873
62.06,21.88,0.0270393
62.25,21.81,0.027194399
62.44,21.74,0.027349851
62.63,21.67,0.027504369
62.82,21.60,0.0276598
63.01,21.54,0.027814375
63.20,21.47,0.027968431
63.39,21.40,0.028123154
63.58,21.33,0.028278533
63.77,21.27,0.028432383
63.96,21.20,0.028584727
64.15,21.14,0.028739402
64.34,21.07,0.028893067
64.53,21.01,0.029047994
64.72,20.94,0.029201869
64.91,20.88,0.029356334
65.10,20.81,0.029512697
65.29,20.75,0.029667712
65.48,20.69,0.029820088
65.67,20.62,0.029974402
65.86,20.56,0.03012707
66.05,20.50,0.030282136
66.24,20.44,0.030436017
66.43,20.38,0.030577566
66.62,20.31,0.030731576
66.81,20.25,0.030884963
67.00,20.19,0.031038934
67.19,20.13,0.031192966
67.38,20.07,0.031343802
67.57,20.02,0.031498922
67.76,19.96,0.031652795
67.95,19.90,0.031807825
68.14,19.84,0.031962737
68.33,19.78,0.032115049
68.52,19.72,0.032267159
68.71,19.67,0.032422773
68.90,19.61,0.032577457
69.09,19.55,0.032729877
69.28,19.50,0.032886317
69.47,19.44,0.033042824
69.66,19.38,0.03319427
69.85,19.33,0.033352595
70.04,19.27,0.033504343
70.23,19.22,0.033662426
70.42,19.16,0.03381874
70.61,19.11,0.033972806
70.80,19.06,0.034131591
70.99,19.00,0.034285978
71.18,18.95,0.034445093
71.37,18.90,0.034601072
71.56,18.84,0.034761517
71.75,18.79,0.034919498
71.94,18.74,0.035079699
72.13,18.69,0.035235547
72.32,18.63,0.035398545
72.51,18.58,0.035556433
72.70,18.53,0.035719302
72.89,18.48,0.035879367
73.08,18.43,0.036048587
73.27,18.38,0.036209027
73.46,18.33,0.036369946
73.65,18.28,0.036537603
73.84,18.23,0.03669998
74.03,18.18,0.036863603
74.22,18.13,0.037033784
74.41,18.08,0.037198821
74.60,18.03,0.03736611
74.79,17.99,0.037535306
74.98,17.94,0.037703312
75.17,17.89,0.037872148
75.36,17.84,0.038046207
75.55,17.80,0.038215977
75.74,17.75,0.038386633
75.93,17.70,0.038560629
76.12,17.65,0.038736555
76.31,17.61,0.03891114
76.50,17.56,0.039086538
76.69,17.52,0.039262206
76.88,17.47,0.03944334
77.07,17.42,0.039618999
77.26,17.38,0.039800294
77.45,17.33,0.039980559
77.64,17.29,0.040161942
77.83,17.24,0.040346016
78.02,17.20,0.040531864
78.21,17.16,0.04071547
78.40,17.11,0.040900323
78.59,17.07,0.041087089
78.78,17.02,0.041275179
78.97,16.98,0.04146494
79.16,16.94,0.041655921
79.35,16.90,0.041845347
79.54,16.85,0.042037197
79.73,16.81,0.042229654
79.92,16.77,0.042428097
80.11,16.73,0.042624033
80.30,16.68,0.042819617
80.49,16.64,0.043018782
80.68,16.60,0.043219471
80.87,16.56,0.043416577
81.06,16.52,0.043622176
81.25,16.48,0.043825055
81.44,16.44,0.044029497
81.63,16.40,0.04423449
81.82,16.36,0.044442225
82.01,16.31,0.044649841
82.20,16.27,0.044860122
82.39,16.24,0.045069617
82.58,16.20,0.045283299
82.77,16.16,0.045496882
82.96,16.12,0.045708783
83.15,16.08,0.045927543
83.34,16.04,0.046144046
83.53,16.00,0.046362761
83.72,15.96,0.046580684
83.91,15.92,0.046802991
84.10,15.88,0.047022992
84.29,15.85,0.047247911
84.48,15.81,0.047472715
84.67,15.77,0.04769889
84.86,15.73,0.047924332
85.05,15.70,0.048155024
85.24,15.66,0.048384885
85.43,15.62,0.048615311
85.62,15.58,0.048847578
85.81,15.55,0.049083124
86.00,15.51,0.049318965
86.19,15.48,0.049553049
86.38,15.44,0.049791881
86.57,15.40,0.050027071
86.76,15.37,0.050269077
86.95,15.33,0.050510953
87.14,15.30,0.050751544
87.33,15.26,0.050996136
87.52,15.22,0.051243743
87.71,15.19,0.051492463
87.90,15.15,0.051735473
88.09,15.12,0.051985575
88.28,15.09,0.052230997
88.47,15.05,0.052483456
88.66,15.02,0.052734706
88.85,14.98,0.052986854
89.04,14.95,0.0532375
89.23,14.91,0.053496411
89.42,14.88,0.053751995
89.61,14.85,0.05401371
89.80,14.81,0.054265168
89.99,14.78,0.054526031
90.18,14.75,0.05478757
90.37,14.71,0.055050729
90.56,14.68,0.055307915
90.75,14.65,0.055573438
90.94,14.61,0.055838421
91.13,14.58,0.05610882
91.32,14.55,0.056367305
91.51,14.52,0.056642204
91.70,14.49,0.056903907
91.89,14.45,0.05717316
92.08,14.42,0.057438387
92.27,14.39,0.057700683
92.46,14.36,0.057973875
92.65,14.33,0.058241087
92.84,14.30,0.058517219
93.03,14.26,0.058792507
93.22,14.23,0.059067411
93.41,14.20,0.059343162
93.60,14.17,0.059620888
93.79,14.14,0.0598953
93.98,14.11,0.060178029
94.17,14.08,0.060457755
94.36,14.05,0.06073105
94.55,14.02,0.061011214
94.74,13.99,0.061295443
94.93,13.96,0.061575226
95.12,13.93,0.061859098
95.31,13.90,0.062140565
95.50,13.87,0.062425415
95.69,13.84,0.062708674
95.88,13.81,0.062994124
96.07,13.78,0.063279426
96.26,13.75,0.063565745
96.45,13.72,0.063852829
96.64,13.69,0.064141355
96.83,13.66,0.064427924
97.02,13.64,0.064716083
97.21,13.61,0.065003744
97.40,13.58,0.065293435
97.59,13.55,0.065583428
97.78,13.52,0.065871683
97.97,13.49,0.066162257
98.16,13.47,0.066453348
98.35,13.44,0.066743702
98.54,13.41,0.067038697
98.73,13.38,0.067327776
98.92,13.36,0.067620298
99.11,13.33,0.067913439
99.30,13.30,0.06820565
99.49,13.27,0.068502703
99.68,13.25,0.068802494
99.87,13.22,0.069096637
100.06,13.19,0.069391435
100.25,13.16,0.069686165
100.44,13.14,0.069982069
100.63,13.11,0.070277931
100.82,13.08,0.070573587
101.01,13.06,0.070868419
101.20,13.03,0.071165855
101.39,13.01,0.071462318
101.58,12.98,0.071769308
101.77,12.95,0.072065855
101.96,12.93,0.072363898
102.15,12.90,0.072662059
102.34,12.88,0.072959838
102.53,12.85,0.073260876
102.72,12.82,0.073558685
102.91,12.80,0.073857541
103.10,12.77,0.074161268
103.29,12.75,0.07446633
103.48,12.72,0.074767511
103.67,12.70,0.075066787
103.86,12.67,0.075368411
104.05,12.65,0.075676381
104.24,12.62,0.075977792
104.43,12.60,0.076279178
104.62,12.57,0.076582208
104.81,12.55,0.076884048
105.00,12.52,0.077186974
105.19,12.50,0.077494251
105.38,12.48,0.077800853
105.57,12.45,0.078104633
105.76,12.43,0.078408292
105.95,12.40,0.078716919
106.14,12.38,0.079022527
106.33,12.35,0.079327044
106.52,12.33,0.079631784
106.71,12.31,0.079939891
106.90,12.28,0.080250769
107.09,12.26,0.080556893
107.28,12.24,0.08086286
107.47,12.21,0.081173974
107.66,12.19,0.081475347
107.85,12.17,0.081789622
108.04,12.14,0.082097127
108.23,12.12,0.082410242
108.42,12.10,0.082717561
108.61,12.07,0.083026228
108.80,12.05,0.083337542
108.99,12.03,0.083646385
109.18,12.01,0.083959353
109.37,11.98,0.084268667
109.56,11.96,0.084578227
109.75,11.94,0.084890977
109.94,11.92,0.085204941
110.13,11.89,0.085515543
110.32,11.87,0.085831682
110.51,11.85,0.08614307
110.70,11.83,0.086456174
110.89,11.81,0.086767675
111.08,11.78,0.087085142
111.27,11.76,0.087397134
111.46,11.74,0.087710369
111.65,11.72,0.088029186
111.84,11.70,0.088343003
112.03,11.68,0.088658215
112.22,11.65,0.088977326
112.41,11.63,0.089291793
112.60,11.61,0.089609918
112.79,11.59,0.08992559
112.98,11.57,0.090241492
113.17,11.55,0.09055831
113.36,11.53,0.090878852
113.55,11.51,0.091195587
113.74,11.48,0.091516706
113.93,11.46,0.091835308
114.12,11.44,0.092152663
114.31,11.42,0.092472982
114.50,11.40,0.092794624
114.69,11.38,0.0931166
114.88,11.36,0.093436027
115.07,11.34,0.093755721
115.26,11.32,0.094075451
115.45,11.30,0.094400588
115.64,11.28,0.094723221
115.83,11.26,0.095046896
116.02,11.24,0.095368248
116.21,11.22,0.095690641
116.40,11.20,0.096015614
116.59,11.18,0.096340747
116.78,11.16,0.096665387
116.97,11.14,0.096989578
117.16,11.12,0.09731618
117.35,11.10,0.097640064
117.54,11.08,0.097964776
117.73,11.06,0.098293604
117.92,11.04,0.098618591
118.11,11.02,0.098946602
118.30,11.00,0.099274135
118.49,10.98,0.099600584
118.68,10.96,0.099930824
118.87,10.95,0.100259
119.06,10.93,0.10058927
119.25,10.91,0.1009177
119.44,10.89,0.10124859
119.63,10.87,0.1015788
119.82,10.85,0.10190947
120.01,10.83,0.10223949
120.20,10.81,0.10256976
120.39,10.79,0.10290319
120.58,10.78,0.10323474
120.77,10.76,0.10356596
120.96,10.74,0.10390026
121.15,10.72,0.10423385
121.34,10.70,0.10456763
121.53,10.68,0.10490214
121.72,10.67,0.10523727
121.91,10.65,0.10557301
122.10,10.63,0.10590742
122.29,10.61,0.10624196
122.48,10.59,0.10657958
122.67,10.58,0.10691609
122.86,10.56,0.10725365
123.05,10.54,0.10758971
123.24,10.52,0.10792891
123.43,10.50,0.10826738
123.62,10.49,0.10860709
123.81,10.47,0.10894701
124.00,10.45,0.10928527
124.19,10.43,0.10962507
124.38,10.42,0.1099654
124.57,10.40,0.11030547
124.76,10.38,0.11064774
124.95,10.36,0.11098899
125.14,10.35,0.11132972
125.33,10.33,0.11167316
125.52,10.31,0.11201685
125.71,10.30,0.11235966
125.90,10.28,0.11270478
126.09,10.26,0.11304779
126.28,10.24,0.11339286
126.47,10.23,0.11373793
126.66,10.21,0.11408384
126.85,10.19,0.11442884
127.04,10.18,0.11477629
127.23,10.16,0.11512196
127.42,10.14,0.11547043
127.61,10.13,0.11581772
127.80,10.11,0.11616702
127.99,10.09,0.11651573
128.18,10.08,0.11686444
128.37,10.06,0.11721451
128.56,10.05,0.11756382
128.75,10.03,0.11791443
128.94,10.01,0.11826535
129.13,10.00,0.11861574
129.32,9.98,0.11896819
129.51,9.96,0.11931977
129.70,9.95,0.11967293
129.89,9.93,0.12002559
130.08,9.92,0.12037907
130.27,9.90,0.12073249
130.46,9.88,0.12108676
130.65,9.87,0.12144218
130.84,9.85,0.12179673
131.03,9.84,0.1221532
131.22,9.82,0.12250864
131.41,9.81,0.12286594
131.60,9.79,0.12322354
131.79,9.77,0.12358032
131.98,9.76,0.12393859
132.17,9.74,0.1242963
132.36,9.73,0.12465577
132.55,9.71,0.12501422
132.74,9.70,0.12537488
132.93,9.68,0.12573418
133.12,9.67,0.12609583
133.31,9.65,0.12645679
133.50,9.64,0.12681839
133.69,9.62,0.12718027
133.88,9.61,0.12754284
134.07,9.59,0.12790575
134.26,9.58,0.1282692
134.45,9.56,0.12863281
134.64,9.55,0.1289976
134.83,9.53,0.12936155
135.02,9.52,0.12972758
135.21,9.50,0.13009234
135.40,9.49,0.13045906
135.59,9.47,0.13082602
135.78,9.46,0.13119271
135.97,9.44,0.13156044
136.16,9.43,0.13192801
136.35,9.41,0.13229643
136.54,9.40,0.13266496
136.73,9.39,0.13303474
136.92,9.37,0.13340486
137.11,9.36,0.13377556
137.30,9.34,0.13414564
137.49,9.33,0.1345173
137.68,9.31,0.13488852
137.87,9.30,0.13526097
138.06,9.29,0.13563313
138.25,9.27,0.13600612
138.44,9.26,0.13638027
138.63,9.24,0.1367536
138.82,9.23,0.13712872
139.01,9.22,0.13750296
139.20,9.20,0.13787869
139.39,9.19,0.13825442
139.58,9.17,0.13863098
139.77,9.16,0.13900781
139.96,9.15,0.13938436
140.15,9.13,0.13976239
140.34,9.12,0.14013973
140.53,9.10,0.14051922
140.72,9.09,0.14089779
140.91,9.08,0.14127716
141.10,9.06,0.14165784
141.29,9.05,0.1420376
141.48,9.04,0.14241895
141.67,9.02,0.14280048
141.86,9.01,0.14318264
142.05,9.00,0.14356479
142.24,8.98,0.14394744
142.43,8.97,0.14433117
142.62,8.96,0.14471464
142.81,8.94,0.14509887
143.00,8.93,0.14548374
143.19,8.92,0.14586862
143.38,8.90,0.14625414
143.57,8.89,0.1466404
143.76,8.88,0.14702655
143.95,8.86,0.14741412
144.14,8.85,0.14780118
144.33,8.84,0.14818932
144.52,8.83,0.14857809
144.71,8.81,0.14896696
144.90,8.80,0.14935605
145.09,8.79,0.14974674
145.28,8.77,0.15013646
145.47,8.76,0.15052734
145.66,8.75,0.15091895
145.85,8.74,0.15130984
146.04,8.72,0.15170265
146.23,8.71,0.15209547
146.42,8.70,0.15248805
146.61,8.69,0.15288194
146.80,8.67,0.15327646
146.99,8.66,0.15367061
147.18,8.65,0.15406579
147.37,8.64,0.15446169
147.56,8.62,0.15485758
147.75,8.61,0.15525422
147.94,8.60,0.15565133
148.13,8.59,0.15604824
148.32,8.57,0.15644681
148.51,8.56,0.15684506
148.70,8.55,0.15724355
148.89,8.54,0.15764315
149.08,8.53,0.15804293
149.27,8.51,0.15844292
149.46,8.50,0.15884374
149.65,8.49,0.15924541
149.84,8.48,0.15964682
150.03,8.46,0.16004881
150.22,8.45,0.16045158
150.41,8.44,0.16085518
150.60,8.43,0.16125821
150.79,8.42,0.16166245
150.98,8.41,0.16206743
151.17,8.39,0.16247211
151.36,8.38,0.16287762
151.55,8.37,0.16328372
151.74,8.36,0.16369018
151.93,8.35,0.16409673
152.12,8.33,0.16450437
152.31,8.32,0.16491251
152.50,8.31,0.16532054
152.69,8.30,0.16572967
152.88,8.29,0.16613925
153.07,8.28,0.16654924
153.26,8.27,0.16695912
153.45,8.25,0.16737031
153.64,8.24,0.16778173
153.83,8.23,0.16819317
154.02,8.22,0.16860513
154.21,8.21,0.16901834
154.40,8.20,0.16943182
154.59,8.19,0.16984498
154.78,8.17,0.17025889
154.97,8.16,0.17067365
155.16,8.15,0.17108864
155.35,8.14,0.17150412
155.54,8.13,0.17192011
155.73,8.12,0.17233717
155.92,8.11,0.17275396
156.11,8.10,0.17317105
156.30,8.09,0.17358912
156.49,8.07,0.17400795
156.68,8.06,0.17442667
156.87,8.05,0.174846
157.06,8.04,0.17526604
157.25,8.03,0.17568648
157.44,8.02,0.17610759
157.63,8.01,0.17652894
157.82,8.00,0.17695047
158.01,7.99,0.1773729
158.20,7.98,0.177796
158.39,7.97,0.17821921
158.58,7.95,0.1786425
158.77,7.94,0.17906679
158.96,7.93,0.17949174
159.15,7.92,0.17991671
159.34,7.91,0.18034208
159.53,7.90,0.18076853
159.72,7.89,0.18119559
159.91,7.88,0.18162247
160.10,7.87,0.18204981
160.29,7.86,0.18247768
160.48,7.85,0.1829066
160.67,7.84,0.1833356
160.86,7.83,0.18376561
161.05,7.82,0.18419541
161.24,7.81,0.1846257
161.43,7.80,0.18505653
161.62,7.79,0.18548821
161.81,7.78,0.18592049
162.00,7.77,0.18635287
162.19,7.76,0.18678573
162.38,7.74,0.18721909
162.57,7.73,0.18765294
162.76,7.72,0.18808724
162.95,7.71,0.18852208
163.14,7.70,0.18895752
163.33,7.69,0.18939344
163.52,7.68,0.18983015
163.71,7.67,0.19026724
163.90,7.66,0.19070461
164.09,7.65,0.19114228
164.28,7.64,0.19158032
164.47,7.63,0.19201907
164.66,7.62,0.19245843
164.85,7.61,0.19289829
165.04,7.60,0.19333874
165.23,7.59,0.19377967
165.42,7.58,0.19422059
165.61,7.57,0.19466212
165.80,7.56,0.1951045
165.99,7.55,0.19554741
166.18,7.54,0.19599084
166.37,7.54,0.1964344
166.56,7.53,0.1968784
166.75,7.52,0.1973233
166.94,7.51,0.19776865
167.13,7.50,0.19821462
167.32,7.49,0.19866079
167.51,7.48,0.19910706
167.70,7.47,0.1995545
167.89,7.46,0.20000229
168.08,7.45,0.20045013
168.27,7.44,0.20089905
168.46,7.43,0.20134842
168.65,7.42,0.20179759
168.84,7.41,0.20224798
169.03,7.40,0.20269886
169.22,7.39,0.20314961
169.41,7.38,0.20360136
169.60,7.37,0.20405372
169.79,7.36,0.20450635
169.98,7.35,0.20495945
170.17,7.34,0.20541318
170.36,7.34,0.20586725
170.55,7.33,0.20632178
170.74,7.32,0.20677716
170.93,7.31,0.20723288
171.12,7.30,0.20768864
171.31,7.29,0.20814562
171.50,7.28,0.2086031
171.69,7.27,0.20906013
171.88,7.26,0.20951854
172.07,7.25,0.20997749
172.26,7.24,0.21043638
172.45,7.23,0.21089606
172.64,7.23,0.21135648
172.83,7.22,0.2118174
173.02,7.21,0.21227858
173.21,7.20,0.21273993
173.40,7.19,0.21320228
173.59,7.18,0.21366516
173.78,7.17,0.21412873
173.97,7.16,0.21459203
174.16,7.15,0.21505619
174.35,7.14,0.21552116
174.54,7.14,0.21598623
174.73,7.13,0.21645168
174.92,7.12,0.21691816
175.11,7.11,0.21738499
175.30,7.10,0.21785249
175.49,7.09,0.21832049
175.68,7.08,0.21878821
175.87,7.07,0.21925689
176.06,7.07,0.21972636
176.25,7.06,0.22019632
176.44,7.05,0.22066677
176.63,7.04,0.22113772
176.82,7.03,0.22160915
177.01,7.02,0.22208105
177.20,7.01,0.22255347
177.39,7.00,0.22302638
177.58,7.00,0.22349979
177.77,6.99,0.22397368
177.96,6.98,0.22444809
178.15,6.97,0.22492312
178.34,6.96,0.22539851
178.53,6.95,0.22587452
178.72,6.95,0.22635096
178.91,6.94,0.22682788
179.10,6.93,0.22730538
179.29,6.92,0.22778317
179.48,6.91,0.22826238
179.67,6.90,0.22874153
179.86,6.90,0.22922092
180.05,6.89,0.2297008
180.24,6.88,0.23018143
180.43,6.87,0.23066307
180.62,6.86,0.23114454
180.81,6.85,0.23162706
181.00,6.85,0.23210981
181.19,6.84,0.23259302
181.38,6.83,0.23307708
181.57,6.82,0.23356119
181.76,6.81,0.23404624
181.95,6.80,0.23453138
182.14,6.80,0.23501713
182.33,6.79,0.23550379
182.52,6.78,0.23599105
182.71,6.77,0.23647795
182.90,6.76,0.23696598
183.09,6.76,0.23745473
183.28,6.75,0.23794374
183.47,6.74,0.23843265
183.66,6.73,0.23892288
183.85,6.72,0.23941361
184.04,6.72,0.23990479
184.23,6.71,0.24039651
184.42,6.70,0.24088873
184.61,6.69,0.24138143
184.80,6.68,0.24187464
184.99,6.68,0.24236834
185.18,6.67,0.24286249
185.37,6.66,0.24335718
185.56,6.65,0.24385237
185.75,6.64,0.24434853
185.94,6.64,0.24484518
186.13,6.63,0.24534198
186.32,6.62,0.24583915
186.51,6.61,0.24633747
186.70,6.61,0.24683602
186.89,6.60,0.24733471
187.08,6.59,0.24783401
187.27,6.58,0.24833445
187.46,6.57,0.24883536
187.65,6.57,0.24933647
187.84,6.56,0.24983778
188.03,6.55,0.25034026
188.22,6.54,0.25084323
188.41,6.54,0.2513464
188.60,6.53,0.25184974
188.79,6.52,0.25235416
188.98,6.51,0.25285913
189.17,6.51,0.25336459
189.36,6.50,0.25387056
189.55,6.49,0.25437713
189.74,6.48,0.2548841
189.93,6.48,0.25539152
190.12,6.47,0.25589959
190.31,6.46,0.25640884
190.50,6.45,0.25691795
190.69,6.45,0.25742745
190.88,6.44,0.25793751
191.07,6.43,0.25844806
191.26,6.42,0.25895953
191.45,6.42,0.25947143
191.64,6.41,0.25998348
191.83,6.40,0.26049603
192.02,6.40,0.26100956
192.21,6.39,0.26152358
192.40,6.38,0.26203759
192.59,6.37,0.2625528
192.78,6.37,0.26306855
192.97,6.36,0.26358467
193.16,6.35,0.26410082
193.35,6.34,0.26461794
193.54,6.34,0.26513565
193.73,6.33,0.26565391
193.92,6.32,0.26617274
194.11,6.32,0.26669157
194.30,6.31,0.26721082
194.49,6.30,0.26773115
194.68,6.29,0.26825195
194.87,6.29,0.26877325
195.06,6.28,0.26929501
195.25,6.27,0.26981735
195.44,6.27,0.27034063
195.63,6.26,0.27086452
195.82,6.25,0.27138836
196.01,6.24,0.27191267
196.20,6.24,0.27243751
196.39,6.23,0.27296286
196.58,6.22,0.27348942
196.77,6.22,0.27401617
196.96,6.21,0.27454302
197.15,6.20,0.27507033
197.34,6.20,0.27559867
197.53,6.19,0.27612767
197.72,6.18,0.27665653
197.91,6.17,0.27718645
198.10,6.17,0.27771707
198.29,6.16,0.2782481
198.48,6.15,0.27877915
198.67,6.15,0.27931085
198.86,6.14,0.27984349
199.05,6.13,0.28037664
199.24,6.13,0.28091029
199.43,6.12,0.2814444
199.62,6.11,0.28197839
199.81,6.11,0.28251318
200.00,6.10,0.28297511
